;Equipe;Jogador;Jogos;Passe certo;Finalização certa;Desarme certo;Cruzamento certo;Interceptação certa;Dribles;Virada de jogo certa;Gols;Assistência gol;Assistência finalização;Defesa;Defesa difícil;Rebatida;Falta cometida;Falta recebida;Impedimentos;Pênaltis sofridos;Pênaltis cometidos;Perda da posse de bola;Cartão amarelo;Cartão vermelho
0;fluminense;André Trindade;5;329;0;13;0;1;2;7;0;0;2;3;0;5;3;12;0;0;0;6;2;1
1;fluminense;Nino;5;289;2;1;1;1;0;2;1;0;2;3;0;32;2;6;0;0;0;1;0;0
2;internacional;Renê;5;280;0;9;1;5;7;1;0;0;9;1;0;23;4;4;0;0;0;6;0;0
3;atletico-mg;Jemerson;5;260;1;2;0;0;1;1;0;1;0;4;0;20;5;1;1;0;0;3;0;0
4;palmeiras;Gustavo Gómez;5;250;1;6;0;1;1;0;0;0;1;0;0;43;5;3;0;0;0;3;1;0
5;palmeiras;Gabriel Menino;5;243;1;6;3;1;2;6;0;1;5;1;0;13;7;5;0;0;0;0;1;0
6;fortaleza;Caio Alexandre;5;243;2;11;1;1;0;2;1;1;7;2;0;8;8;4;0;0;0;7;0;0
7;fluminense;Lima;5;235;7;6;2;3;1;0;2;0;4;3;0;5;5;12;0;0;0;13;0;0
8;fluminense;Ganso;5;225;3;5;4;0;1;0;1;2;3;0;0;1;1;8;0;0;0;7;0;0
9;flamengo;Ayrton Lucas;5;223;3;6;1;1;2;3;1;0;6;0;0;7;7;8;0;1;0;10;0;0
10;gremio;Bitello;5;215;3;8;1;3;1;0;1;0;4;4;0;6;4;15;1;0;0;21;1;0
11;atletico-mg;Otávio;3;214;1;3;1;2;0;2;0;0;3;1;0;6;4;1;0;0;0;1;2;0
12;atletico-mg;Mauricio Lemos;4;213;3;3;0;2;1;2;1;0;0;1;0;35;6;4;1;0;0;1;3;0
13;corinthians;Gil;5;212;1;4;0;0;0;0;0;0;0;7;0;25;5;0;0;0;0;0;1;0
14;cruzeiro;Richard;4;209;1;9;0;4;1;3;0;0;2;1;0;10;5;7;2;0;0;8;2;0
15;goias;Sander;5;201;2;10;8;3;1;0;0;1;10;0;0;21;4;17;1;0;0;9;0;0
16;corinthians;Roni;5;196;0;5;0;1;0;1;0;0;3;4;0;12;10;2;0;0;0;8;1;0
17;sao-paulo;Pablo Maia;5;196;1;7;0;1;0;3;1;0;4;4;0;4;7;1;0;0;0;4;1;0
18;cruzeiro;Luciano Castan;5;196;1;3;0;1;0;4;0;0;0;1;0;45;5;4;0;0;0;0;1;0
19;athletico-pr;Thiago Heleno;5;195;0;4;0;0;0;2;0;0;1;4;0;53;2;3;0;0;0;1;0;0
20;goias;Zé Ricardo;5;195;4;8;0;2;5;6;0;0;2;4;0;5;13;12;0;0;0;9;1;0
21;cruzeiro;William;5;195;0;8;2;7;0;4;0;0;3;0;0;22;10;7;0;0;0;14;1;0
22;internacional;Vitão;5;194;1;3;0;1;0;1;0;0;3;4;0;40;1;1;0;0;0;1;1;0
23;flamengo;Wesley;5;192;1;3;2;3;2;0;0;0;5;1;0;22;14;7;2;0;1;24;0;0
24;palmeiras;Joaquín Piquerez;4;189;1;6;2;4;1;0;0;2;3;0;0;15;6;4;0;0;0;10;3;0
25;vasco;Léo;5;188;0;1;0;0;0;0;0;0;0;2;0;52;5;2;0;0;0;2;0;0
26;flamengo;Thiago Maia;4;187;0;5;0;5;1;2;0;0;2;2;0;8;4;1;0;0;0;9;1;0
27;bragantino;Juninho Capixaba;5;187;2;5;5;4;1;2;0;1;7;0;0;32;11;5;0;0;0;8;2;0
28;bragantino;Eduardo;5;181;2;2;0;0;4;0;0;1;0;5;0;39;6;1;0;0;0;10;1;0
29;sao-paulo;Caio Paulista;5;179;3;3;0;2;4;0;0;1;2;2;0;8;4;9;0;0;0;12;0;0
30;atletico-mg;Rubens;5;179;1;19;1;1;0;0;0;0;3;0;0;22;7;4;1;0;0;4;1;0
31;cruzeiro;Mateus Vital;5;178;4;4;1;2;5;1;0;1;8;0;0;0;3;7;1;0;0;23;0;0
32;bahia;David Duarte;4;176;1;1;0;1;0;1;1;0;0;2;0;25;3;2;0;0;0;1;0;0
33;corinthians;Fagner;4;175;1;10;8;1;0;0;0;0;7;1;0;13;2;3;0;0;0;7;1;0
34;fluminense;Jhon Arias;4;174;0;4;6;2;4;1;0;0;10;0;0;5;5;10;3;0;0;24;0;0
35;fortaleza;Titi;5;174;0;6;0;3;2;0;0;0;0;2;0;41;3;5;0;0;0;6;0;0
36;santos;Lucas Lima;5;173;2;7;6;1;0;7;0;1;9;1;0;2;11;9;0;0;0;18;2;0
37;goias;Bruno Melo;4;172;0;1;0;1;0;1;0;0;0;0;0;28;3;3;1;0;0;0;3;0
38;bragantino;Matheus Fernandes;5;171;4;15;1;1;1;3;1;1;4;0;0;9;7;4;0;0;0;16;1;0
39;atletico-mg;Federico Zaracho;5;170;1;3;1;4;1;1;0;0;4;1;0;6;11;5;0;0;0;16;2;0
40;coritiba;Natanael;5;165;5;18;2;3;4;0;0;0;2;1;0;18;13;8;2;0;0;17;1;0
41;cuiaba;Marllon;5;165;1;3;0;2;1;1;1;1;0;2;0;37;4;4;0;0;1;2;2;0
42;bragantino;Aderlan;4;164;0;10;3;3;1;0;0;1;5;0;0;12;8;3;0;0;0;11;0;1
43;fluminense;Alexsander;5;162;0;5;4;1;7;0;0;1;3;0;0;8;10;2;1;0;0;18;0;0
44;botafogo;Víctor Cuesta;5;161;2;3;1;2;0;0;0;1;0;3;0;28;3;0;0;0;0;1;3;0
45;flamengo;Everton Ribeiro;5;161;3;5;5;1;0;6;1;1;11;0;0;0;4;8;1;0;0;16;0;0
46;sao-paulo;Rafinha;4;161;0;7;2;0;1;1;0;0;1;1;0;6;2;3;0;0;0;2;1;0
47;america-mg;Alê;4;159;1;5;1;2;0;2;1;0;2;0;0;6;11;5;0;0;0;9;2;0
48;fluminense;Guga;4;158;0;1;5;1;0;3;0;1;4;1;0;7;1;5;0;0;0;5;0;0
49;vasco;Robson Bambu;5;158;0;5;0;3;2;0;0;0;0;7;0;41;4;11;0;0;0;0;1;0
50;goias;Everton Morelli;5;156;0;9;0;2;1;1;0;0;5;1;0;7;5;12;2;0;0;10;0;0
51;bahia;Rezende;4;156;0;4;0;5;1;0;0;0;0;1;0;25;4;5;0;0;0;0;0;0
52;goias;Dieguinho;5;155;0;6;9;3;4;2;0;0;7;2;0;7;3;14;0;0;0;19;1;0
53;sao-paulo;Beraldo;3;154;0;1;0;3;0;0;0;0;0;6;0;27;1;1;0;0;0;0;0;0
54;palmeiras;Mayke;3;154;1;1;4;2;0;0;1;1;5;1;0;10;8;0;0;0;0;1;2;0
55;cruzeiro;Bruno Rodrigues;5;151;9;4;4;0;7;3;2;0;8;0;0;3;6;9;2;1;0;29;0;0
56;palmeiras;Artur;5;149;6;3;2;2;3;2;2;0;6;0;0;9;3;5;0;0;0;15;0;0
57;santos;Lucas Pires;4;148;0;7;1;3;3;0;0;0;2;2;0;15;2;9;2;0;0;5;0;0
58;fortaleza;Emanuel Brítez;5;148;0;7;0;0;0;0;0;1;1;5;0;32;6;4;1;0;0;2;4;1
59;fortaleza;Tinga;5;147;1;10;2;3;1;2;0;0;3;2;0;27;3;1;1;0;0;6;0;0
60;internacional;Carlos de Pena;5;146;2;4;5;3;0;1;1;0;4;0;0;17;3;1;0;0;0;6;1;0
61;corinthians;Murillo;3;144;0;2;0;0;1;0;0;0;1;7;0;34;1;1;0;0;0;2;1;0
62;athletico-pr;Pedrinho;4;143;0;3;1;3;0;0;0;0;5;0;0;16;4;5;0;0;0;8;1;0
63;bahia;Kanu;4;142;0;4;0;1;1;2;0;0;1;4;0;23;5;3;0;0;0;2;1;0
64;bahia;Vítor Jacaré;4;142;3;6;3;6;5;1;1;0;1;0;0;12;8;7;0;0;0;13;3;0
65;internacional;Alan Patrick;5;141;1;0;9;2;3;1;0;1;4;0;0;1;3;13;0;0;0;16;1;0
66;gremio;Diogo Barbosa;4;141;0;3;1;2;2;0;0;0;3;2;0;19;3;4;0;0;0;14;1;0
67;fortaleza;Bruno Pacheco;5;140;1;6;1;2;0;0;0;1;2;0;0;21;8;4;0;0;0;10;1;0
68;botafogo;Adryelson;5;138;0;2;0;0;0;0;0;0;0;5;0;58;1;2;0;0;0;0;0;0
69;sao-paulo;Arboleda;3;137;0;5;0;1;1;1;0;0;0;3;0;19;0;0;0;0;0;0;0;0
70;vasco;Lucas Piton;5;136;0;4;6;2;2;1;0;1;4;0;0;33;3;1;1;0;0;15;1;0
71;bragantino;Natan;5;135;1;4;0;0;1;2;0;0;0;5;0;40;7;3;1;0;0;4;0;0
72;cuiaba;Filipe Augusto;4;135;0;7;1;1;1;1;0;0;2;1;0;8;8;5;0;0;0;4;2;1
73;cuiaba;Pablo Ceppelini;5;134;3;1;10;2;0;1;0;0;7;0;0;5;4;8;0;0;0;8;2;0
74;coritiba;Bruno Viana;4;131;0;3;0;3;0;3;0;0;0;2;0;28;3;1;0;0;0;0;1;0
75;atletico-mg;Patrick;5;130;0;8;3;0;2;0;0;0;1;0;0;4;1;5;0;0;0;15;0;0
76;sao-paulo;Rodrigo Nestor;5;129;4;10;1;0;2;3;0;0;5;0;0;6;7;4;2;0;0;24;2;1
77;vasco;Puma Rodríguez;5;129;1;8;2;3;3;0;0;0;3;3;0;30;5;5;1;0;0;10;0;0
78;palmeiras;Weverton;5;128;0;0;0;0;0;1;0;0;1;9;2;4;0;0;0;0;0;0;0;0
79;sao-paulo;Alan Franco;2;125;0;3;0;1;0;1;0;0;1;1;0;14;2;0;0;0;0;1;0;0
80;palmeiras;Murilo;3;124;1;2;0;2;1;1;1;0;1;3;0;29;5;2;0;0;0;0;1;0
81;gremio;Bruno Alves;5;123;1;0;0;1;0;0;0;0;0;7;0;42;3;3;1;0;0;0;1;0
82;internacional;Gabriel Mercado;3;122;2;5;0;0;0;0;0;0;1;2;0;17;4;1;0;0;0;1;2;0
83;botafogo;Eduardo;5;121;2;0;4;3;0;6;2;2;7;0;0;4;7;9;0;0;0;10;1;0
84;sao-paulo;Diego;2;121;0;1;0;0;0;2;0;0;2;1;0;15;5;0;0;0;0;2;0;0
85;athletico-pr;Pedro Henrique;4;121;2;0;0;3;1;3;1;0;0;7;0;27;4;2;1;0;0;0;2;0
86;palmeiras;Dudu;5;121;6;0;6;3;5;6;1;2;11;0;0;2;2;7;0;0;0;16;0;0
87;cuiaba;Matheus Alexandre;4;121;1;7;1;0;1;0;0;0;1;0;0;11;2;1;0;0;0;6;0;0
88;fluminense;Marcelo;2;120;1;1;2;0;4;2;0;0;3;0;0;4;1;8;0;0;0;2;1;0
89;sao-paulo;Alisson;5;120;1;5;5;1;2;2;0;1;6;0;0;6;5;4;1;0;0;7;1;0
90;coritiba;Victor Luis;4;120;0;2;4;2;0;0;0;0;6;1;0;17;4;2;0;0;0;4;1;0
91;vasco;Jair;5;120;0;6;2;4;1;3;0;0;3;0;0;5;6;18;0;0;0;10;1;0
92;bragantino;Lucas Evangelista;4;120;1;4;0;1;1;0;0;0;4;1;0;10;4;11;0;0;0;7;0;0
93;bahia;Nicolás Acevedo;5;120;0;6;0;4;0;1;0;0;3;0;0;8;11;8;0;0;0;6;2;0
94;corinthians;Fábio Santos;4;119;0;4;0;2;1;0;0;0;2;1;0;17;5;5;0;0;0;4;2;0
95;fluminense;Samuel Xavier;3;119;1;2;2;0;1;1;0;1;2;2;0;4;3;1;1;0;0;2;1;0
96;gremio;Lucas Silva;3;119;0;6;0;1;0;0;0;0;1;0;0;7;2;3;0;0;0;3;0;0
97;america-mg;Marlon;4;117;0;4;0;1;0;1;0;1;1;1;0;10;4;8;0;0;0;5;1;0
98;corinthians;Roger Guedes;5;116;6;2;0;0;1;1;2;0;3;0;0;2;4;18;0;0;0;17;2;0
99;corinthians;Fausto Vera;4;116;1;2;0;1;1;0;0;2;2;1;0;3;4;0;0;0;0;6;3;0
100;fluminense;Felipe Melo;3;116;0;0;0;0;1;5;0;0;1;0;0;16;2;1;0;0;0;1;1;0
101;bahia;Cauly;5;115;4;1;5;2;3;1;0;2;9;0;0;1;3;3;0;0;0;26;0;0
102;cuiaba;Matheusinho;4;115;2;8;3;3;5;0;1;0;5;1;0;24;7;7;0;0;0;12;2;0
103;santos;Rodrigo Fernández;4;114;1;9;0;0;0;2;0;0;1;2;0;7;11;3;0;0;0;8;3;0
104;palmeiras;Luan;2;114;1;2;0;1;0;1;1;0;1;2;0;15;3;2;0;0;0;1;0;0
105;internacional;Igor Gomes;5;114;1;5;1;2;1;0;0;0;1;3;0;22;4;5;0;0;1;9;1;0
106;bragantino;Helinho;5;114;6;0;4;1;5;1;2;0;8;0;0;2;4;4;1;0;0;22;1;0
107;gremio;Vinícius;5;114;2;1;0;0;1;1;1;0;1;0;0;4;2;7;0;0;0;11;2;0
108;gremio;Franco Cristaldo;5;114;5;6;5;2;2;1;1;1;8;1;0;0;1;9;1;1;0;13;0;0
109;sao-paulo;Gabriel Neves;5;113;0;5;0;2;0;2;0;0;2;0;0;3;1;1;0;0;0;2;2;0
110;atletico-mg;Saravia;3;113;1;5;2;0;1;0;0;0;1;2;0;5;6;4;0;0;0;3;1;0
111;cruzeiro;Ramiro;4;113;1;3;2;2;0;0;1;1;3;0;0;4;5;0;0;0;0;4;3;0
112;bahia;Jhoanner Chávez;4;112;0;5;3;4;0;1;0;1;6;0;0;8;6;2;2;0;0;14;1;0
113;atletico-mg;Cristian Pavón;5;111;3;5;1;1;1;2;1;2;2;0;0;3;3;2;0;0;0;13;1;0
114;atletico-mg;Rodrigo Battaglia;3;111;0;4;0;0;0;2;0;0;1;1;0;1;3;3;0;0;0;6;1;0
115;bahia;Thaciano;4;111;3;3;1;1;1;0;1;1;3;0;0;3;7;7;0;0;0;7;0;0
116;fluminense;Fábio;5;110;0;0;0;0;0;0;0;0;0;15;8;6;0;1;0;0;0;0;1;0
117;coritiba;Kuscevic;3;109;0;4;1;0;1;2;0;0;1;2;0;26;5;2;0;0;0;1;1;0
118;santos;Dodi;4;109;0;6;0;1;2;0;0;0;1;0;0;12;5;7;0;0;0;6;3;0
119;goias;Vinícius;5;109;4;3;1;5;3;2;0;0;3;1;0;6;4;6;2;0;0;20;1;0
120;gremio;Kannemann;4;108;0;7;0;4;0;1;0;0;0;3;0;38;8;4;0;0;0;4;4;0
121;flamengo;Gabriel;4;107;8;0;0;0;0;1;2;0;7;0;0;0;1;2;1;0;0;3;3;0
122;atletico-mg;Mariano;4;107;0;3;2;0;0;3;0;0;1;1;0;2;5;0;0;0;0;1;1;0
123;botafogo;Marlon Freitas;4;106;2;1;0;2;0;4;0;0;2;1;0;9;1;0;0;0;0;1;0;0
124;sao-paulo;Rafael;5;106;0;0;0;0;0;0;0;0;0;13;6;8;0;0;0;0;0;0;0;0
125;sao-paulo;Raí;3;105;1;3;0;0;0;0;0;0;0;2;0;9;3;1;0;0;0;5;2;0
126;atletico-mg;Bruno Fuchs;3;105;0;1;0;0;0;2;0;0;0;0;0;8;2;1;0;0;0;0;0;0
127;coritiba;Bruno Gomes;5;104;3;6;3;2;2;0;1;0;5;0;0;8;6;10;0;0;0;14;1;0
128;atletico-mg;Hyoran;5;104;3;2;5;0;4;3;1;0;7;1;0;2;6;3;1;0;0;18;1;0
129;flamengo;Everton;5;103;5;3;4;3;4;1;0;1;9;0;0;1;3;3;1;1;0;19;1;0
130;coritiba;Jamerson Bahia;4;103;1;9;2;2;3;0;0;0;1;0;0;9;3;1;1;0;0;10;1;0
131;flamengo;Arturo Vidal;3;102;2;4;0;0;0;1;0;0;1;1;0;10;2;3;0;0;0;2;1;0
132;sao-paulo;Wellington Rato;5;102;2;4;5;1;3;4;0;0;5;0;0;4;4;4;0;0;0;8;1;0
133;atletico-mg;Edenílson;5;102;1;3;0;2;1;1;0;1;1;0;0;2;4;2;0;0;0;5;0;0
134;cuiaba;PK;4;102;0;5;3;3;0;2;0;0;5;0;0;18;8;2;0;0;0;3;2;1
135;goias;Maguinho;4;101;0;3;0;0;1;2;0;0;2;2;0;16;12;5;0;0;0;8;2;1
136;flamengo;Santos;4;100;0;0;0;0;0;0;0;0;0;10;1;4;0;1;0;0;0;0;0;0
137;goias;Sidimar;3;100;1;1;0;1;0;0;0;0;2;3;0;29;3;3;0;0;0;3;1;0
138;internacional;Rodrigo Moledo;3;100;1;2;0;1;0;0;0;0;1;7;0;16;2;1;0;0;0;0;2;0
139;athletico-pr;Christian Roberto;4;98;2;5;2;2;2;0;2;0;1;0;0;0;6;4;0;0;0;3;0;0
140;athletico-pr;Erick;5;97;3;6;0;1;1;0;1;0;1;0;0;7;10;2;1;0;0;9;2;0
141;america-mg;Juninho;5;97;2;4;2;2;0;0;0;0;4;2;0;12;7;6;1;1;0;8;0;0
142;cruzeiro;Rafael;5;96;0;0;0;0;0;0;0;0;0;18;5;8;0;1;0;0;0;0;0;0
143;santos;Nathan Santos;4;94;0;7;1;4;2;0;0;0;1;0;0;11;4;1;0;0;0;11;1;0
144;internacional;Johnny;3;94;1;2;1;3;3;0;0;0;4;2;0;5;3;2;0;0;0;10;0;0
145;corinthians;Bidu;3;91;1;4;3;1;0;0;0;0;2;0;0;12;1;6;0;0;0;4;0;0
146;athletico-pr;Hugo Moura;5;91;0;9;1;2;0;1;0;0;1;1;0;9;5;4;0;0;0;2;1;0
147;america-mg;Éder Ferreira;4;91;0;5;0;3;0;4;0;0;1;2;0;25;10;1;0;0;0;1;4;0
148;cuiaba;Raniele;5;91;2;7;0;3;1;0;1;0;1;2;0;15;4;10;0;0;0;11;1;0
149;atletico-mg;Everson;5;90;0;0;0;0;0;0;0;0;0;8;3;8;0;1;0;0;0;0;1;0
150;athletico-pr;Pablo;5;90;0;4;2;4;0;2;0;2;4;0;0;5;7;7;1;0;0;8;2;0
151;internacional;Fabricio Bustos;3;90;2;3;2;0;0;0;0;0;3;2;0;5;1;2;0;0;0;6;0;0
152;bragantino;Bruninho;4;90;3;2;3;1;6;1;1;1;9;0;0;3;0;1;0;0;1;11;0;0
153;sao-paulo;Michel Araújo;4;88;1;1;1;1;2;1;0;1;3;0;0;4;3;5;0;0;0;8;1;0
154;santos;Eduardo Bauermann;3;88;2;1;0;1;0;1;1;0;0;4;0;27;3;0;0;0;0;0;0;1
155;coritiba;Liziero;3;87;0;3;0;1;2;0;0;0;4;1;0;4;5;1;0;0;0;3;0;0
156;flamengo;David Luiz;2;86;1;0;0;1;0;4;0;0;0;1;0;3;2;0;0;0;0;0;1;0
157;flamengo;Erick Pulgar;2;86;0;5;0;1;2;1;0;0;3;0;0;5;7;1;0;0;0;3;1;0
158;bragantino;Jadsom Silva;5;86;1;5;1;2;1;1;0;0;2;2;0;7;5;1;1;0;2;6;3;0
159;corinthians;Cássio;5;85;0;0;0;0;0;0;0;0;0;9;3;3;0;2;0;0;1;0;0;0
160;palmeiras;Raphael Veiga;3;85;8;3;8;1;2;2;4;2;8;0;0;2;6;7;0;0;0;8;1;0
161;bahia;Marcos Felipe;5;85;0;0;0;0;0;0;0;0;0;17;5;5;0;1;0;0;0;1;0;0
162;santos;Camacho;3;84;0;7;0;0;0;0;0;0;1;1;0;6;8;1;1;0;0;5;1;0
163;cruzeiro;Filipe Machado;5;84;1;0;4;3;1;3;0;2;4;0;0;2;3;4;0;0;0;6;0;0
164;internacional;Baralhas;4;84;0;3;0;5;0;1;0;0;1;1;0;8;5;3;0;0;0;0;0;0
165;cuiaba;Ronald;4;84;1;3;1;1;2;0;1;0;1;0;0;8;3;6;0;0;0;7;2;0
166;flamengo;Victor Hugo;4;82;0;4;1;2;0;3;0;1;2;0;0;2;0;3;0;0;0;3;0;0
167;flamengo;Gerson;2;82;1;0;0;0;6;0;1;1;4;1;0;1;8;5;2;1;0;12;0;0
168;fortaleza;Calebe;5;82;6;3;4;1;6;0;0;0;3;0;0;1;3;7;1;0;0;15;1;0
169;gremio;Luis Suárez;4;82;8;2;2;1;2;0;1;0;3;0;0;2;1;8;4;0;0;20;1;0
170;america-mg;Emmanuel Martínez;5;82;1;1;3;3;0;1;0;0;4;2;0;0;6;6;0;0;0;11;0;0
171;internacional;Wanderson;4;80;1;5;5;2;6;1;1;1;9;0;0;1;3;6;0;0;0;12;0;0
172;coritiba;Alef Manga;4;79;5;3;0;2;3;0;0;2;7;0;0;2;6;4;2;0;0;15;1;0
173;athletico-pr;Vitor Bueno;4;79;3;2;2;1;5;1;0;1;7;0;0;2;2;6;1;0;0;9;1;0
174;palmeiras;Marcos Rocha;1;79;0;4;1;0;0;1;0;0;1;0;0;2;2;1;0;0;0;2;0;0
175;fortaleza;Hércules;4;79;2;7;0;0;2;1;1;0;2;0;0;5;3;3;1;0;0;8;0;0
176;bragantino;Andrés Hurtado;2;79;0;3;0;0;1;0;0;0;1;1;0;10;2;0;0;0;0;6;0;0
177;bahia;Yago Felipe;5;79;0;8;0;2;1;2;0;0;2;0;0;5;10;3;0;0;0;6;0;0
178;atletico-mg;Paulinho;5;78;7;5;1;1;2;1;1;0;3;0;0;3;0;2;1;0;0;16;0;0
179;goias;Lucas Halter;3;78;1;2;0;0;0;4;1;0;0;3;0;13;5;2;0;0;0;4;1;1
180;bahia;Gabriel Xavier;2;78;1;1;0;2;0;0;0;0;0;0;0;15;2;1;0;0;0;0;0;0
181;cuiaba;Emerson Negueba;5;78;2;1;0;1;2;0;0;0;2;0;0;1;3;7;1;0;0;17;0;0
182;corinthians;Adson;4;77;2;6;1;2;3;1;0;0;2;1;0;2;1;6;1;0;0;6;0;0
183;america-mg;Everaldo;5;77;4;4;1;3;3;2;1;1;6;0;0;1;3;11;3;0;0;13;3;0
184;sao-paulo;Luciano;5;76;5;1;0;0;2;4;2;1;3;0;0;5;5;6;2;0;0;8;1;0
185;botafogo;Victor Sá;4;75;5;7;2;2;2;0;1;0;3;1;0;1;3;3;0;1;0;9;0;0
186;america-mg;Iago Maidana;4;75;0;1;1;0;0;1;0;0;0;0;0;16;4;1;1;0;0;0;2;0
187;botafogo;Fernando Marçal;2;74;0;1;2;2;1;0;0;0;2;0;0;14;3;3;0;0;0;0;0;0
188;sao-paulo;Luan;3;74;0;1;0;1;0;0;0;0;0;1;0;1;1;1;0;0;0;3;0;0
189;flamengo;Matheus França;5;73;2;3;1;1;2;1;0;0;6;0;0;0;5;3;0;0;0;9;0;0
190;palmeiras;Gustavo Garcia;3;73;0;1;2;1;1;0;0;0;1;0;0;8;1;2;0;0;0;1;0;0
191;athletico-pr;Bento;5;70;0;0;0;0;0;0;0;1;0;11;4;6;0;1;0;0;0;0;1;0
192;gremio;Mathías Villasanti;2;70;0;3;0;0;0;1;0;0;1;0;0;3;3;2;0;0;0;5;1;0
193;botafogo;Lucas Fernandes;4;69;0;0;2;1;1;2;0;0;3;1;0;1;5;1;0;0;0;7;1;0
194;coritiba;Willian Farias;3;69;0;3;0;3;0;1;0;0;0;1;0;5;3;4;0;0;0;4;1;0
195;gremio;Nathan;5;69;2;3;1;3;1;0;0;0;3;1;0;2;7;2;0;0;0;4;1;0
196;corinthians;Yuri Alberto;5;68;3;0;1;1;2;0;1;0;2;0;0;5;7;6;5;0;0;20;0;0
197;corinthians;Matheus Araújo;3;68;2;2;0;2;0;1;1;0;1;0;0;0;1;4;0;0;0;5;0;0
198;cruzeiro;Gilberto;5;68;2;3;0;0;1;0;1;0;7;0;0;2;7;4;1;0;0;10;1;0
199;fortaleza;Lucas Sasha;4;68;0;7;0;4;0;0;0;0;3;0;0;8;8;2;0;0;0;2;0;0
200;bragantino;Eduardo Sasha;5;68;2;1;0;1;2;0;2;0;6;0;0;1;1;7;3;0;0;11;1;0
201;america-mg;Martín Benítez;3;68;2;2;3;2;5;0;0;0;5;0;0;1;5;7;1;0;0;15;0;0
202;bahia;Ademir;5;68;1;1;1;0;6;1;0;0;2;1;0;3;8;17;2;0;0;23;1;0
203;corinthians;Giuliano;4;67;0;2;0;0;0;0;0;0;3;0;0;1;3;1;0;0;0;4;1;0
204;flamengo;Arrascaeta;2;67;2;1;1;0;0;4;0;0;6;0;0;2;2;1;0;0;0;7;0;0
205;athletico-pr;Alex Santana;2;67;1;3;0;0;0;0;0;0;0;0;0;1;3;3;0;0;0;4;1;1
206;santos;Felipe Jonatan;1;67;0;1;2;1;1;0;0;0;1;0;0;2;0;0;0;0;0;0;0;0
207;goias;Julián Palacios;4;67;1;4;8;0;3;0;0;1;8;0;0;1;4;14;1;0;0;14;1;0
208;bragantino;Lucão;4;67;0;0;0;0;0;0;0;0;0;5;2;1;0;0;0;0;0;0;1;0
209;cuiaba;Walter;5;66;0;0;0;0;0;0;0;0;0;9;6;6;0;0;0;0;0;0;0;0
210;botafogo;Gabriel Pires;2;65;0;6;0;3;0;2;0;0;3;1;0;3;3;1;0;0;0;6;0;0
211;coritiba;Gabriel Vasconcelos;5;63;0;0;0;0;0;0;0;0;0;15;5;4;0;0;0;0;0;0;1;0
212;fortaleza;Tomás Pochettino;5;63;2;2;6;1;3;1;0;0;10;0;0;5;0;5;0;0;0;9;0;0
213;santos;Ângelo;5;62;3;3;1;4;2;1;2;0;6;0;0;0;3;4;1;0;0;27;0;0
214;botafogo;Tchê Tchê;5;61;3;4;0;1;2;0;1;1;1;0;0;5;8;3;0;0;0;7;0;0
215;corinthians;Du Queiroz;3;61;0;1;0;1;1;0;0;0;1;0;0;9;6;1;0;0;0;4;1;0
216;vasco;Andrey Santos;5;61;2;9;0;4;0;0;1;0;1;1;0;13;12;3;0;0;0;8;2;0
217;internacional;Gustavo Campanharo;3;61;3;6;0;6;0;0;0;0;0;0;0;4;6;0;0;0;0;1;1;0
218;bahia;Vitor Hugo;1;61;0;2;0;1;0;0;0;0;0;0;0;6;0;1;0;0;0;0;0;0
219;sao-paulo;Jhegson Méndez;2;60;0;2;0;2;0;0;0;0;1;0;0;2;2;1;0;0;0;0;1;0
220;atletico-mg;Nathan Silva;1;60;0;0;0;0;0;1;0;0;0;0;0;5;0;1;0;0;0;0;0;0
221;santos;Gabriel Inocêncio;4;60;1;3;1;1;1;0;0;0;0;1;0;8;7;1;0;0;0;2;1;0
222;santos;João Paulo;5;60;0;0;0;0;0;0;0;0;0;13;5;8;0;0;0;0;0;1;0;0
223;vasco;Rodrigo Alves;5;60;0;7;0;0;0;0;0;0;1;0;0;9;4;2;0;0;0;3;1;0
224;america-mg;Nino Paraíba;4;60;1;2;8;1;1;2;0;0;6;0;0;6;4;5;1;0;1;8;1;0
225;athletico-pr;Zé Ivaldo;2;59;0;0;0;0;0;0;0;0;0;2;0;6;2;0;0;0;0;2;0;0
226;gremio;Thomas Luciano;4;59;0;4;0;2;3;0;0;0;0;2;0;15;5;5;1;0;0;4;0;0
227;palmeiras;Richard Ríos;5;58;1;3;0;1;8;0;0;0;0;0;0;2;1;5;0;0;0;10;0;0
228;goias;Tadeu;3;58;0;0;0;0;0;0;0;0;0;10;0;4;0;1;0;0;0;0;0;0
229;cruzeiro;Nikão;4;58;0;2;6;0;1;2;0;0;8;0;0;2;3;2;2;0;0;5;1;0
230;corinthians;Maycon;3;57;0;2;1;1;0;0;0;0;2;0;0;3;1;0;1;0;0;4;0;0
231;botafogo;Danilo Barbosa;3;56;1;3;0;0;2;3;1;0;0;0;0;16;4;5;0;0;0;11;0;0
232;fluminense;Vitor Mendes;2;55;1;0;0;0;0;0;0;0;1;2;0;17;1;0;0;0;0;0;1;0
233;fortaleza;Moisés;4;55;10;0;1;1;3;1;3;0;6;0;0;4;1;1;0;0;0;11;0;0
234;america-mg;Matheus Cavichioli;4;55;0;0;0;0;0;0;0;0;0;10;4;0;1;0;0;0;0;0;0;1
235;athletico-pr;Fernando;1;54;0;0;1;0;0;0;0;0;1;1;0;3;1;0;0;0;0;3;0;0
236;santos;Marcos Leonardo;4;54;5;1;1;0;2;0;1;1;4;0;0;3;5;10;3;0;0;17;0;0
237;vasco;Gabriel Pec;5;54;4;3;6;4;6;0;2;1;7;0;0;5;6;12;0;0;0;24;2;0
238;corinthians;Bruno Méndez;3;53;0;1;0;0;0;0;0;0;1;1;0;7;2;0;0;0;0;0;0;0
239;fluminense;Manoel;2;53;0;0;0;1;0;0;0;0;0;1;0;7;0;0;0;0;1;0;1;0
240;athletico-pr;Khellven;3;53;0;3;1;1;1;1;0;0;0;1;0;9;4;1;1;0;0;5;0;0
241;cuiaba;Denilson Alves;3;53;0;5;1;1;0;4;0;0;2;0;0;0;4;3;0;0;0;3;1;0
242;fluminense;Cano;5;52;8;3;0;0;0;1;2;0;0;3;0;3;5;1;4;0;0;6;0;0
243;sao-paulo;Marcos Paulo;5;52;3;4;1;2;3;2;2;0;7;2;0;3;6;3;1;0;0;16;1;0
244;cruzeiro;Wesley;3;52;3;4;1;0;2;2;2;0;3;0;0;0;9;2;0;0;0;15;1;0
245;palmeiras;Fabinho;4;50;0;3;0;1;0;1;0;0;1;2;0;3;1;1;0;0;0;1;0;0
246;fortaleza;Fernando Miguel;4;50;0;0;0;0;0;0;0;0;0;20;0;3;0;0;0;0;0;0;0;0
247;america-mg;Ricardo Silva;3;50;0;1;0;1;0;0;0;0;1;5;0;22;2;3;0;0;0;2;0;0
248;coritiba;Júnior Urso;2;49;1;2;0;0;1;0;0;0;1;0;0;3;1;4;0;0;0;4;1;0
249;santos;Stiven Mendoza;3;49;3;1;0;4;0;0;2;2;0;0;0;2;2;9;2;1;0;8;0;0
250;vasco;Pedro Raúl;5;49;4;1;0;1;1;0;2;0;3;1;0;13;6;4;5;0;0;20;2;0
251;bragantino;Eric Ramires;2;49;0;0;0;0;0;0;0;0;1;0;0;3;5;1;0;0;0;7;0;0
252;bahia;Diego Rosa;5;49;2;1;1;1;0;0;0;0;0;0;0;3;2;0;0;0;0;2;0;0
253;corinthians;Fabián Balbuena;1;48;0;1;0;0;0;1;0;0;0;0;0;5;1;0;0;0;0;0;0;0
254;sao-paulo;Jonathan Calleri;4;48;4;0;1;0;2;1;2;1;6;0;0;3;14;13;1;0;0;20;1;0
255;goias;Edu;1;48;0;2;0;0;0;0;0;0;0;2;0;7;1;2;0;0;1;0;0;0
256;bahia;Biel;4;48;3;2;1;1;1;0;1;0;5;0;0;0;6;14;0;0;0;11;2;0
257;santos;Joaquim;2;47;1;5;0;0;0;0;0;0;0;0;0;27;1;2;0;0;0;0;0;0
258;bahia;Matheus Bahia;2;47;0;1;2;1;0;0;0;0;3;0;0;8;5;3;0;0;0;5;1;0
259;coritiba;Andrey;3;46;0;1;3;1;0;0;0;0;1;0;0;1;2;1;0;0;1;2;0;0
260;athletico-pr;Fernandinho;2;46;0;1;1;1;1;1;0;1;1;1;0;2;4;1;1;0;1;4;1;0
261;america-mg;Marcinho;3;46;0;2;1;2;1;0;0;0;2;0;0;19;5;0;0;0;0;2;1;0
262;fluminense;John Kennedy;4;45;7;1;1;1;9;0;2;0;3;0;0;1;7;4;1;1;0;28;3;0
263;coritiba;Vilar;1;45;0;0;0;0;0;0;0;0;0;0;0;8;0;0;0;0;0;0;0;0
264;goias;Matheus Peixoto;5;45;3;3;0;1;0;0;1;0;5;0;0;2;4;6;2;0;0;7;1;0
265;america-mg;Lucas Kal;3;45;1;1;1;0;0;2;0;0;0;0;0;3;1;0;0;0;0;3;1;0
266;cuiaba;Allyson;2;45;0;2;0;0;2;0;0;0;0;2;0;9;1;4;0;0;0;2;0;0
267;coritiba;Kaio;5;44;2;4;2;0;1;1;0;0;5;1;0;1;8;18;2;0;0;17;1;0
268;fortaleza;Yago Pikachu;5;44;3;1;1;0;1;2;2;0;5;1;0;1;1;5;2;0;0;9;1;0
269;gremio;João Pedro;2;44;1;4;0;1;1;0;1;0;1;1;0;4;0;2;0;0;0;5;0;0
270;flamengo;Marinho;4;43;1;2;1;0;2;0;0;0;1;0;0;0;2;0;1;0;0;9;1;0
271;fluminense;Gabriel Pirani;3;43;1;1;0;1;1;0;0;0;0;2;0;0;1;6;0;0;0;7;1;0
272;gremio;Lucas Milla;2;43;0;2;0;0;0;0;0;0;1;1;0;8;3;0;0;0;0;1;1;0
273;botafogo;Lucas Perri;5;42;0;0;0;0;0;0;0;0;0;20;6;3;0;0;0;0;0;0;0;0
274;coritiba;Boschilia;3;42;3;4;2;0;0;0;1;0;4;0;0;1;2;6;0;0;0;6;1;0
275;athletico-pr;Thiago Andrade;5;42;0;2;0;0;0;0;0;0;0;0;0;0;0;3;0;0;0;5;0;0
276;athletico-pr;Madson;3;42;0;1;1;1;0;0;0;0;3;1;0;11;1;3;1;0;0;1;0;0
277;bragantino;Vitinho;2;42;3;0;0;1;1;0;0;0;0;0;0;0;2;5;0;0;0;4;2;0
278;coritiba;Jhon Chancellor;2;41;0;2;0;0;0;1;0;0;0;0;0;12;0;0;1;0;0;1;0;0
279;bahia;Arthur Sales;5;41;2;1;0;1;0;0;0;0;1;0;0;0;2;5;0;0;0;15;0;0
280;flamengo;Bruno Henrique;3;40;0;3;1;0;1;1;0;0;2;1;0;1;5;1;0;0;0;7;0;0
281;sao-paulo;Patryck;2;40;0;2;0;0;0;0;0;0;1;1;0;6;2;3;0;0;0;2;1;0
282;cruzeiro;Neto Moura;4;40;0;1;0;1;0;1;0;0;2;0;0;0;3;0;0;0;0;1;0;0
283;internacional;Mauricio;3;40;2;2;1;0;1;0;2;0;2;1;0;1;0;5;1;0;0;5;2;0
284;coritiba;Henrique;2;39;1;1;0;1;0;0;0;0;0;0;0;15;4;1;0;0;0;0;1;0
285;athletico-pr;Rômulo;4;39;0;1;1;0;0;1;0;0;2;0;0;3;2;2;0;0;0;7;0;0
286;santos;Daniel Ruiz;5;39;0;3;7;2;1;0;0;0;5;0;0;2;1;3;0;0;0;14;0;0
287;gremio;Gabriel Chapecó;4;38;0;0;0;0;0;0;0;0;0;15;6;15;0;2;0;0;0;1;1;0
288;coritiba;Robson Fernandes;4;37;1;2;1;0;1;0;0;1;1;0;0;1;4;3;0;0;0;15;0;0
289;palmeiras;Vanderlan;1;37;0;1;2;1;0;0;0;1;0;0;0;1;3;1;0;0;0;0;0;0
290;gremio;Reinaldo;1;37;0;0;0;0;0;0;0;0;0;0;0;0;1;0;0;0;0;4;0;0
291;america-mg;Felipe Azevedo;5;37;2;0;0;1;4;0;0;0;3;0;0;2;4;4;1;0;0;12;0;0
292;bahia;Everaldo;4;37;3;1;0;0;1;1;1;0;2;0;0;3;5;4;1;0;0;14;0;0
293;santos;Soteldo;2;36;1;1;3;0;2;0;0;1;4;0;0;0;2;11;0;0;0;5;2;1
294;internacional;Luiz Adriano;4;36;3;1;0;0;0;0;0;0;0;1;0;1;1;2;1;0;0;4;0;0
295;gremio;Fábio;1;36;0;1;1;0;0;1;0;1;0;0;0;1;0;0;0;0;0;0;0;0
296;america-mg;Arthur Augusto;1;36;0;1;0;1;0;0;0;0;1;0;0;4;6;2;0;0;0;7;0;0
297;fluminense;Thiago Santos;4;35;0;2;0;0;0;1;0;0;0;1;0;7;4;2;0;0;0;3;2;0
298;goias;Willian Oliveira;2;35;0;0;0;0;0;1;0;0;1;1;0;5;2;1;0;0;0;1;0;0
299;vasco;Alex Teixeira;5;35;1;2;1;1;1;1;0;2;1;0;0;0;10;4;3;0;0;15;0;0
300;fortaleza;Vinicius Zanocelo;3;35;1;0;0;2;0;0;0;0;0;1;0;2;1;0;0;0;0;3;0;0
301;gremio;Galdino;5;35;2;2;0;2;2;1;2;0;1;0;0;5;1;3;0;0;0;13;1;0
302;gremio;Zinho;5;35;1;3;1;1;1;0;0;1;1;0;0;2;0;1;1;0;0;13;0;0
303;flamengo;Matheus Cunha;2;34;0;0;0;0;0;0;0;0;0;6;0;1;0;0;0;0;0;0;0;0
304;bragantino;Henry Mosquera;4;33;1;2;1;1;2;1;0;0;4;0;0;1;12;2;1;0;0;12;1;0
305;america-mg;Aloísio;4;33;7;0;1;0;1;0;3;1;3;0;0;3;4;3;2;0;0;15;0;0
306;internacional;Alexandre Alemão;3;32;2;4;0;0;4;0;0;0;1;0;0;2;7;5;1;0;0;12;1;0
307;fortaleza;José Welison;2;32;0;2;1;0;1;0;0;0;3;0;0;5;3;1;0;0;0;2;0;0
308;gremio;Bruno Uvini;3;32;0;1;0;1;0;0;0;0;0;3;0;15;1;2;0;0;1;1;2;0
309;fortaleza;Romarinho;3;31;1;0;1;0;2;0;0;0;2;0;0;1;0;2;0;0;0;8;0;0
310;fortaleza;Guilherme;4;31;6;2;1;1;1;0;0;1;1;0;0;3;4;7;0;0;0;16;1;0
311;vasco;Lucas Figueiredo;4;30;0;3;0;0;1;0;0;0;1;0;0;10;3;1;0;0;0;6;1;0
312;cuiaba;Isidro Pitta;5;30;0;0;0;0;2;0;0;0;0;0;0;1;3;6;1;0;0;4;0;0
313;fluminense;Keno;3;29;0;0;4;1;1;0;0;0;3;0;0;2;5;1;1;0;0;2;2;0
314;athletico-pr;Agustín Canobbio;3;29;0;1;0;1;0;0;0;1;1;0;0;1;0;3;1;0;0;7;1;0
315;athletico-pr;Vitor Roque;5;29;4;3;1;1;3;0;2;0;3;1;0;0;8;11;0;0;0;15;0;0
316;vasco;Marlon Gomes;4;29;0;4;0;1;0;0;0;0;0;1;0;4;5;3;0;0;0;3;0;0
317;america-mg;Matheusinho;3;29;3;2;3;0;1;0;0;0;4;0;0;0;1;5;1;0;0;9;0;0
318;botafogo;Luis Henrique;5;28;1;0;0;4;4;0;0;0;3;0;0;1;0;1;0;0;0;7;0;0
319;fluminense;Lelê;5;28;1;1;1;0;3;0;1;1;2;0;0;5;2;0;0;0;0;12;0;0
320;palmeiras;Rafael Navarro;3;28;3;0;0;2;0;0;1;0;2;0;0;1;6;2;2;0;0;10;1;0
321;goias;Marcelo Rangel;2;28;0;0;0;0;0;0;0;0;0;6;1;1;0;0;0;0;0;0;0;0
322;cruzeiro;Rafael Bilu;4;28;0;2;0;2;1;1;0;0;1;0;0;1;1;3;1;0;0;7;0;0
323;botafogo;Philipe Sampaio;2;27;0;1;0;1;0;0;0;0;1;1;0;11;1;1;0;0;0;0;0;0
324;atletico-mg;Eduardo Vargas;3;27;0;1;0;1;0;4;0;0;2;0;0;2;3;0;0;0;0;2;1;0
325;internacional;Keiller;3;27;0;0;0;0;0;0;0;0;0;4;3;4;0;0;0;0;0;0;0;0
326;internacional;Matheus Dias;1;27;0;0;0;2;0;0;0;0;1;1;0;1;1;0;0;0;0;0;0;0
327;coritiba;William Pottker;3;26;1;2;0;0;0;0;0;0;1;0;0;1;3;3;0;0;0;12;1;0
328;fortaleza;Silvio Romero;4;26;1;1;0;0;1;0;1;1;4;0;0;2;2;3;2;0;0;8;1;0
329;bragantino;Gustavinho;3;26;0;2;0;0;0;0;0;0;0;0;0;2;2;1;0;0;0;4;0;0
330;america-mg;Danilo Avelar;3;26;2;2;1;0;0;0;0;0;1;1;0;2;2;0;0;0;0;1;0;0
331;santos;Ed Carlos;3;25;0;0;1;0;0;0;0;0;2;0;0;0;0;0;0;0;0;1;0;0
332;internacional;Thauan Lara;1;25;0;0;1;0;0;0;0;0;1;0;0;3;1;0;0;0;0;0;0;0
333;corinthians;Ángel Romero;2;24;0;1;0;0;0;0;0;0;2;0;0;0;1;2;0;0;0;3;0;0
334;coritiba;Rodrigo Pinho;4;24;1;1;0;1;0;0;0;0;1;0;0;2;2;3;0;0;0;6;0;0
335;internacional;John Victor;2;24;0;0;0;0;0;0;0;0;0;5;2;6;0;0;0;0;0;0;0;0
336;fortaleza;Lucas Crispim;1;23;0;1;1;0;0;0;0;0;0;1;0;3;0;0;0;0;0;0;0;0
337;bragantino;Thiago Borbas;4;23;3;1;0;0;0;0;2;0;1;0;0;2;8;3;1;0;0;10;3;0
338;athletico-pr;Léo Cittadini;2;22;0;0;0;0;0;0;0;0;0;1;0;1;5;2;0;0;0;1;0;0
339;goias;Diego Gonçalves;4;22;2;0;0;0;1;1;0;0;0;0;0;0;3;3;0;0;0;8;0;0
340;bragantino;Sorriso;3;22;2;0;1;0;2;0;0;0;1;0;0;0;0;5;0;0;0;3;0;0
341;america-mg;Nicolas;1;22;0;0;0;0;0;0;0;0;0;1;0;3;2;0;0;0;0;2;0;0
342;corinthians;Cantillo;1;21;1;3;0;3;0;0;0;0;0;0;0;5;0;1;0;0;0;2;0;0
343;corinthians;Chrystian;3;21;1;3;0;0;1;0;0;0;2;1;0;1;3;4;0;0;0;9;0;0
344;corinthians;Paulinho;3;21;0;2;0;1;0;0;0;0;1;1;0;0;1;1;0;0;0;4;0;0
345;flamengo;Pedro;4;21;5;1;0;1;0;0;2;0;0;0;0;1;1;1;0;0;0;8;0;0
346;santos;Lucas Braga;2;21;0;3;0;1;1;0;0;0;1;0;0;1;3;2;1;0;0;7;1;0
347;botafogo;Matias Segovia;4;20;0;5;0;0;0;1;0;1;3;0;0;2;0;4;0;0;0;3;0;0
348;botafogo;Hugo Neto;1;20;0;2;0;0;0;0;0;0;0;0;0;3;1;1;0;0;0;3;0;0
349;coritiba;Thiago Dombroski;1;20;0;0;0;0;0;0;0;0;0;0;0;5;1;0;0;0;0;0;0;0
350;santos;Alison;2;20;0;3;0;0;1;0;0;0;0;0;0;0;0;0;0;0;0;0;0;0
351;palmeiras;Rony;3;20;1;0;0;0;0;0;0;0;1;0;0;1;2;3;2;0;0;8;0;0
352;atletico-mg;Pedrinho;1;19;0;0;1;0;0;0;0;0;1;0;0;0;0;0;0;0;0;1;0;0
353;palmeiras;Jhon Jhon;3;19;1;0;0;0;1;0;0;0;1;0;0;1;2;0;0;0;0;3;1;0
354;cruzeiro;Neris;1;19;1;1;0;0;0;0;0;0;0;1;0;5;1;0;0;0;0;0;1;0
355;fortaleza;Thiago Galhardo;4;19;2;0;1;0;0;0;1;0;1;0;0;4;0;2;0;0;0;14;0;0
356;bragantino;Ignacio Laquintana;2;19;2;0;1;1;1;1;0;0;1;0;0;2;3;2;2;0;0;10;0;0
357;goias;Matheusinho;2;18;0;0;0;0;0;0;0;0;1;0;0;0;0;1;0;0;0;3;0;0
358;cruzeiro;Reynaldo;1;18;0;0;0;0;0;0;0;0;0;0;0;1;0;0;0;0;0;0;0;0
359;america-mg;Adyson;2;18;0;1;4;2;0;0;0;0;5;0;0;0;1;0;0;0;0;4;0;0
360;coritiba;Zé Roberto;3;17;2;0;0;1;0;0;1;0;0;0;0;0;7;5;0;0;0;7;2;0
361;santos;Deivid Washington;2;17;5;0;0;0;1;0;1;0;1;0;0;0;1;0;0;0;0;8;1;0
362;vasco;Gabriel Carabajal;1;17;0;0;1;1;0;0;0;0;0;0;0;0;3;1;0;0;0;1;0;0
363;bragantino;Realpe;1;17;0;0;0;0;0;0;0;0;0;0;0;2;2;0;0;0;0;0;0;0
364;gremio;Felipe Carballo;1;17;0;0;0;0;0;0;0;0;0;0;0;2;2;0;0;0;0;3;0;0
365;gremio;André Henrique;4;17;0;1;0;0;0;0;0;0;0;0;0;0;3;1;0;0;0;3;0;0
366;bahia;Daniel;2;17;0;1;0;0;0;0;0;0;0;0;0;0;0;0;0;0;0;1;0;0
367;athletico-pr;David Terans;2;16;2;1;0;0;1;0;0;0;2;0;0;0;1;3;1;0;0;9;0;0
368;vasco;Luca Orellano;3;16;1;1;0;0;4;1;0;0;0;0;0;2;3;3;0;0;0;4;0;0
369;cruzeiro;Daniel;1;16;0;0;0;0;0;0;0;0;0;0;0;0;0;1;0;0;0;0;0;0
370;atletico-mg;Paulo Vitor;1;15;0;0;0;1;0;0;0;0;0;0;0;0;2;1;0;0;0;1;0;0
371;palmeiras;Manuel López;2;15;3;2;0;0;0;2;1;0;0;0;0;2;5;0;0;0;0;5;1;0
372;goias;Alesson;2;15;0;3;1;0;2;0;0;0;2;0;0;0;0;2;0;0;0;2;0;0
373;bahia;Cicinho;1;15;0;1;0;0;0;0;0;0;2;0;0;0;1;0;0;0;0;2;1;0
374;flamengo;Igor Jesus;1;14;0;1;0;0;0;0;0;0;0;0;0;0;1;2;0;0;0;0;0;0
375;fluminense;David Braz;2;14;0;0;0;0;0;0;0;0;0;0;0;6;0;0;0;0;0;1;0;0
376;goias;Guilherme;3;14;0;1;0;1;0;1;0;0;1;0;0;2;2;0;0;0;0;4;0;0
377;cruzeiro;Matheus Jussa;1;14;0;0;0;0;0;1;0;0;0;0;0;0;0;0;0;0;0;0;1;0
378;internacional;Lucca;4;14;0;1;0;0;0;0;0;0;0;0;0;2;1;1;0;0;0;5;1;0
379;gremio;Darlan;1;14;0;1;0;0;0;0;0;0;1;0;0;0;0;0;0;0;0;0;1;0
380;corinthians;Pedrinho;2;13;2;0;0;0;0;0;0;0;0;0;0;0;2;4;2;0;0;5;0;0
381;sao-paulo;Juan;2;13;0;1;0;0;1;0;0;0;1;0;0;1;0;0;1;0;0;4;0;0
382;atletico-mg;Igor Gomes;1;13;0;1;0;1;0;0;0;0;0;1;0;1;1;0;1;0;0;2;0;0
383;santos;Miguelito;2;13;0;0;1;1;0;0;0;0;2;0;0;0;0;1;0;0;0;2;0;0
384;palmeiras;Endrick;4;13;2;1;0;0;5;1;2;0;0;1;0;0;12;3;0;0;0;12;1;0
385;goias;Dodô;2;13;0;0;0;0;0;0;0;0;1;0;0;0;0;0;0;0;0;1;0;0
386;cruzeiro;Wallisson Luiz;2;13;0;1;0;0;1;1;0;0;2;0;0;0;0;2;0;0;0;2;0;0
387;botafogo;Gustavo Sauer;1;12;0;0;0;0;2;1;0;0;0;0;0;0;2;0;1;0;0;1;0;0
388;coritiba;Matheus Bianqui;2;12;0;1;0;1;0;0;0;0;0;1;0;0;2;1;0;0;0;0;1;0
389;coritiba;Marcelino Moreno;2;12;0;0;1;0;1;0;0;0;2;0;0;0;0;4;0;0;0;2;0;0
390;vasco;Erick Marcus;2;12;2;1;1;1;1;0;1;0;0;0;0;0;1;1;0;0;0;6;0;0
391;internacional;Jean Dias;3;12;0;0;0;1;0;0;0;1;0;0;0;0;3;4;0;0;0;3;0;0
392;fortaleza;Brayan Ceballos;1;12;0;1;0;0;0;0;0;0;0;1;0;2;0;0;0;0;0;0;0;0
393;fortaleza;Lucero;1;12;0;2;0;0;0;0;0;0;3;0;0;0;1;1;0;0;0;0;0;0
394;botafogo;Matheus Nascimento;1;11;1;0;0;0;0;0;1;0;1;0;0;0;1;2;0;0;0;1;0;0
395;palmeiras;Breno Lopes;2;11;0;0;0;0;0;0;0;0;0;0;0;0;0;2;1;0;0;2;0;0
396;cuiaba;Fernando Sobral;2;11;0;4;1;0;1;0;0;0;0;0;0;2;3;2;0;0;0;2;0;0
397;botafogo;Daniel Borges;1;10;1;3;0;1;0;0;0;0;0;0;0;3;2;1;0;0;0;1;0;0
398;corinthians;Guilherme Biro;1;10;1;1;0;0;1;0;0;0;1;0;0;0;0;1;0;0;0;2;0;0
399;cruzeiro;Stênio;1;10;0;0;0;0;1;0;0;0;0;0;0;0;0;1;0;0;0;4;0;0
400;gremio;Adriel;1;10;0;0;0;0;0;0;0;0;0;3;1;3;0;0;0;0;0;0;0;0
401;america-mg;Mateus Gonçalves;1;10;0;0;1;0;0;0;0;0;0;0;0;0;0;1;0;0;0;5;1;0
402;america-mg;Mikael;3;10;1;1;0;0;0;0;0;0;1;0;0;0;0;1;1;0;0;6;0;0
403;america-mg;Mateus Pasinato;1;10;0;0;0;0;0;0;0;0;0;7;2;3;0;1;0;0;0;0;0;0
404;flamengo;Matheus Gonçalves;1;9;0;0;0;0;0;0;0;0;1;0;0;0;1;2;0;0;0;0;0;0
405;internacional;Rômulo;1;9;0;0;0;0;0;0;0;0;0;0;0;4;0;0;0;0;0;4;0;0
406;fortaleza;Maurício Kozlinski;1;9;0;0;0;0;0;0;0;0;0;0;1;2;0;0;0;0;0;0;0;0
407;bragantino;Talisson;1;9;1;2;0;0;2;0;0;0;0;0;0;1;1;1;0;0;0;2;0;0
408;fluminense;Alan;1;8;1;0;0;0;0;0;1;0;0;0;0;1;0;0;0;0;0;1;0;0
409;vasco;Rwan Seco;2;8;0;1;0;0;0;0;0;0;1;0;0;0;2;3;0;0;0;4;0;0
410;internacional;Estevão;1;8;0;0;0;0;0;0;0;0;0;0;0;0;1;1;0;0;0;0;0;0
411;america-mg;Henrique Almeida;2;8;1;0;0;0;0;0;0;0;2;0;0;0;3;0;0;0;0;3;0;0
412;flamengo;Rodrigo Caio;1;7;0;0;0;0;0;1;0;0;0;0;0;0;0;0;0;0;0;0;0;0
413;palmeiras;Luis Guilherme;2;7;0;0;2;1;0;0;0;0;1;0;0;1;0;2;1;0;0;3;0;0
414;goias;Jhonny Lucas;2;7;0;0;0;0;0;0;0;0;1;0;0;0;2;0;0;0;0;1;1;0
415;goias;Philippe Almeida;1;7;0;0;0;0;0;1;0;0;0;0;0;0;0;0;0;0;0;2;0;0
416;vasco;Matías Galarza;4;7;0;1;0;0;0;0;0;0;0;1;0;2;2;1;0;0;0;5;1;0
417;cruzeiro;Henrique Dourado;2;7;0;1;0;0;0;0;0;0;1;0;0;0;3;1;0;0;0;3;1;0
418;bragantino;Guilherme Lopes;1;7;0;0;0;0;0;0;0;0;0;0;0;4;0;0;0;0;0;2;0;0
419;gremio;Gustavo Martins;2;7;0;2;0;0;0;0;0;0;0;2;0;5;3;0;0;0;0;0;1;0
420;corinthians;Wesley Teixeira;1;6;2;0;0;0;2;0;0;0;2;0;0;0;0;1;0;0;0;4;0;0
421;coritiba;Marcos Vinícius;1;6;0;0;0;0;2;0;0;0;0;0;0;1;1;1;1;0;0;2;0;0
422;athletico-pr;Tomás Cuello;1;6;1;1;0;0;0;0;0;0;0;0;0;0;2;1;0;0;0;0;0;0
423;bragantino;Cleiton;1;6;0;0;0;0;0;0;0;0;0;1;0;2;0;0;0;0;0;0;2;1
424;bahia;Lucas Mugni;1;6;0;0;0;0;0;0;0;0;0;0;0;0;1;0;0;0;0;1;0;0
425;bahia;Kayky;2;6;0;0;0;0;0;0;0;0;0;0;0;0;0;0;0;0;0;2;0;0
426;atletico-mg;Réver;1;5;0;0;0;0;0;1;0;0;0;0;0;3;1;0;0;0;0;0;1;0
427;goias;Apodi;3;5;2;1;0;0;0;0;1;0;0;0;0;0;0;1;2;0;0;3;0;0
428;bragantino;Alerrandro;1;5;0;0;0;0;0;0;0;0;0;0;0;0;1;1;0;0;0;2;0;0
429;botafogo;Janderson;1;4;0;0;0;0;0;0;0;0;0;0;0;0;0;0;0;0;0;0;0;0
430;botafogo;Segovia;1;4;0;0;0;0;0;0;0;0;0;0;0;2;0;0;0;0;0;1;0;0
431;corinthians;Giovane;1;4;0;0;0;1;0;0;0;0;0;0;0;0;0;0;0;0;0;1;0;0
432;santos;Lucas Barbosa;1;4;1;3;0;1;0;0;0;0;0;2;0;1;1;0;0;0;0;1;0;0
433;palmeiras;Bruno Tabata;1;4;0;0;0;0;0;0;0;0;0;0;0;0;0;0;0;0;0;0;0;0
434;vasco;Eguinaldo;1;4;0;0;0;0;0;0;0;0;1;0;0;0;2;0;0;0;0;1;1;0
435;internacional;Gabriel Barros;1;4;0;0;0;0;0;0;0;0;0;0;0;2;1;0;0;0;0;1;1;0
436;gremio;Gustavinho;1;4;0;0;1;0;0;0;0;0;1;0;0;0;0;1;0;0;0;2;0;0
437;america-mg;Wellington Paulista;2;4;0;0;0;0;0;0;0;0;0;0;0;0;1;0;0;0;0;3;0;0
438;bahia;Vinicius Mingotti;1;4;0;0;0;0;0;0;0;0;2;0;0;0;1;0;0;0;0;2;0;0
439;sao-paulo;David;1;3;0;0;0;0;0;0;0;0;0;0;0;0;1;1;0;0;0;2;0;0
440;athletico-pr;Matheus Felipe;1;3;0;0;0;0;0;0;0;0;0;0;0;0;0;0;0;0;0;0;0;0
441;santos;Bruno Mezenga;2;3;0;1;0;0;0;0;0;0;0;0;0;0;0;0;0;0;0;2;0;0
442;america-mg;Renato Marques;1;3;0;1;0;0;0;0;0;0;0;0;0;1;0;0;1;0;0;2;0;0
443;atletico-mg;Isaac;1;2;0;0;0;0;0;0;0;0;1;0;0;0;1;0;0;0;0;3;0;0
444;athletico-pr;Reinaldo;1;2;0;1;0;0;0;0;0;0;0;0;0;0;1;0;0;0;0;0;0;0
445;palmeiras;Giovani;1;2;0;0;0;0;0;0;0;0;0;0;0;0;0;0;0;0;0;2;0;0
446;fluminense;Isaac;2;1;0;0;0;0;2;0;0;0;1;0;0;0;0;2;0;0;0;1;0;0
447;athletico-pr;Willian;1;1;1;0;0;0;0;0;1;0;0;0;0;0;0;0;0;0;0;0;0;0
448;santos;Luan Dias;1;1;0;0;0;0;0;0;0;0;0;0;0;0;2;0;0;0;0;3;1;0
449;corinthians;Júnior Moraes;1;0;0;0;0;0;0;0;0;0;0;0;0;0;1;1;0;0;0;0;0;0
450;athletico-pr;Bryan García;1;0;0;0;0;0;0;0;0;0;0;0;0;0;0;0;0;0;0;0;0;0
451;athletico-pr;Léo Linck;0;0;0;0;0;0;0;0;0;0;0;0;0;0;0;0;0;0;0;0;1;0
452;santos;Vinicius Balieiro;1;0;0;0;0;0;0;0;0;0;0;0;0;0;1;0;0;0;0;1;0;0
453;vasco;Paulo Victor;1;0;0;0;0;0;0;0;0;0;0;0;0;2;1;0;0;0;0;0;0;0
454;vasco;Manuel Capasso;1;0;0;0;0;0;0;0;0;0;0;0;0;2;0;0;0;0;0;0;0;0
